"method","mean_r_lfc","mean_r_padj","mean_rho"
"Logreg",0.720311802997422,0.696753696716487,0.738801236646861
"Wilcoxon",0.727705053471407,0.674082555903832,0.739627624194549
"t-test",0.711215713943179,0.706558594770592,0.738776126581159
